entity,start_index,end_index,label,score
KARNATAKA,7,15,ORG,0.9460180401802063
Bangalore,122,130,LOC,0.9985746741294861
Giddappaute Naga,138,153,PER,0.9981778860092163
Rumamurthynagar,162,176,ORG,0.4735504388809204
Bangalore,168,176,LOC,0.9801562428474426
Pottumurthi Udayalaxmi Ramak,189,216,PER,0.9885466694831848
is Kaja,205,211,ORG,0.6585673689842224
Main Bazar Miryalaguda Nalgonda,218,248,LOC,0.8825952410697937
El,360,361,ORG,0.6088913083076477
