entity,start_index,end_index,label,score
Perjanjian Kontrak Pen,4,25,ORG,0.5690135359764099
D,25,25,MISC,0.6426969170570374
CH P,164,167,ORG,0.3982049226760864
O,301,301,ORG,0.42628714442253113
J,347,347,MISC,0.8805745840072632
