entity,start_index,end_index,label,score
SUHAIMI BIN AG . AMAN NO,44,67,ORG,0.9236470460891724
AZEENAH,58,64,LOC,0.5186405777931213
BINTI MICHAEL OWNER MD KHAIRUN BIN ZAKARIA OWNER OWNER,63,116,ORG,0.8472189903259277
JALAM TUARAN,178,189,LOC,0.35678020119667053
SABAH,199,203,MISC,0.5099455118179321
R,206,206,ORG,0.5416885614395142
R,216,216,MISC,0.9424657225608826
OW OWNER,296,303,ORG,0.5676571726799011
