entity,start_index,end_index,label,score
Bangalore,19,27,LOC,0.9986690282821655
Parasu Ram Mi,42,54,PER,0.9982748627662659
KATHUBHA,57,64,ORG,0.6988229155540466
K PH B,65,70,ORG,0.8430518507957458
P Gangad,121,128,PER,0.9995360374450684
M G . H Corporation Gold Hill Unit,129,162,ORG,0.9929803609848022
Hubli Road Bommanabandi,140,162,LOC,0.8973541259765625
KATHUB,229,234,ORG,0.48938027024269104
K P H B,237,243,ORG,0.8728523254394531
English,373,379,MISC,0.9975141286849976
