entity,start_index,end_index,label,score
Philippines,230,240,LOC,0.9992612600326538
US,420,421,LOC,0.8703165650367737
