entity,start_index,end_index,label,score
SR N VI K,29,37,ORG,0.7239200472831726
Cross,56,60,LOC,0.5732665657997131
BT,58,59,LOC,0.44182443618774414
Thavarek,63,70,LOC,0.9649666547775269
Banaglore,70,78,LOC,0.973537802696228
SH,101,102,ORG,0.43481120467185974
DUP,104,106,PER,0.27094900608062744
HARIT N,137,143,ORG,0.6641075611114502
IN,166,167,LOC,0.8293015360832214
Aurai u,170,176,LOC,0.5579350590705872
Pradesh,176,182,ORG,0.3252868056297302
