entity,start_index,end_index,label,score
Bangalore,20,28,LOC,0.9986370801925659
P RAJA SEKHAR KRISHNA PARAMATMA PENTAKOTA,31,71,ORG,0.9724087715148926
NEER,72,75,LOC,0.477345734834671
RA,75,76,ORG,0.3778236210346222
One Part,114,121,MISC,0.5691413283348083
VENKATA BHYRAVA MUTNURI & P EERABHARAPURAM ANDHRA PR,120,171,ORG,0.9393253326416016
RAGHAVENDRA,187,197,LOC,0.49894657731056213
RAOZ,193,196,ORG,0.8867619633674622
Other,241,245,MISC,0.5299278497695923
