entity,start_index,end_index,label,score
Bangalore,20,28,LOC,0.9983081221580505
MR,29,30,ORG,0.681309163570404
P,31,31,PER,0.35170355439186096
RAJA,33,36,LOC,0.26705414056777954
SEK,36,38,ORG,0.42236608266830444
MR KRISHNA PARAMATMA PTAKOTA,52,79,ORG,0.6619117856025696
NE RA,72,76,LOC,0.5063048005104065
V,120,120,LOC,0.46525371074676514
BHAD,124,127,ORG,0.5490071773529053
RAGHAVENDRA RA,187,200,ORG,0.5812758803367615
COOL,202,205,LOC,0.6043664216995239
