entity,start_index,end_index,label,score
Bangalore,28,36,LOC,0.9965927600860596
Baji,53,56,PER,0.9837759733200073
Cross,67,71,ORG,0.5341653823852539
SBM Colony,69,78,ORG,0.7915478944778442
Mathike,72,78,LOC,0.37293627858161926
Ka,108,109,PER,0.9967767000198364
English Calendar,350,365,MISC,0.999005138874054
