entity,start_index,end_index,label,score
Ph,223,224,MISC,0.9379159808158875
Philippines,230,240,LOC,0.994024395942688
P Ph,285,288,MISC,0.5185282230377197
US,420,421,LOC,0.4697873294353485
ACC,494,496,ORG,0.9109687209129333
