entity,start_index,end_index,label,score
CH,32,33,LOC,0.9480180740356445
L,83,83,PER,0.8466496467590332
G LAKSHMI NARISIMN,92,109,ORG,0.8072939515113831
