entity,start_index,end_index,label,score
John Public,16,26,PER,0.9791459441184998
Happytown,24,32,LOC,0.9716818332672119
Tennessee,27,35,LOC,0.9990030527114868
Ten,36,38,ORG,0.6807495951652527
Lagoon Landings LLC,40,58,ORG,0.9980629086494446
Landlord,52,59,ORG,0.7769957780838013
Thomas Drive,68,79,LOC,0.8655880689620972
Unit,71,74,LOC,0.7924404740333557
Panama City Beach,75,91,LOC,0.9962604641914368
Florida,79,85,LOC,0.9994494915008545
