entity,start_index,end_index,label,score
E An,42,45,PER,0.8118103742599487
BT,55,56,ORG,0.5412660241127014
E W S Bangalore,60,74,LOC,0.7675670981407166
Mohammed Isha,88,100,PER,0.9978013038635254
Mohammed Mo,96,106,PER,0.988271951675415
M E S,112,116,ORG,0.7331520915031433
Bangalore,129,137,LOC,0.9851809144020081
Less,161,164,ORG,0.5265753269195557
