entity,start_index,end_index,label,score
I,22,22,ORG,0.878996729850769
J,41,41,ORG,0.5144995450973511
I,50,50,ORG,0.8203177452087402
” Property Landlord,67,85,ORG,0.6074378490447998
Jalan,101,105,ORG,0.9809874892234802
Tam,107,109,LOC,0.322441041469574
S,118,118,ORG,0.5307602286338806
R,151,151,MISC,0.7618213891983032
