entity,start_index,end_index,label,score
INDIA,1,5,LOC,0.9880215525627136
Government of,11,23,ORG,0.9465472102165222
Karnataka K TUMKUR K KAKAKS,13,39,LOC,0.5633437037467957
NAGAVENI NARAYANA NAGAVENI NARAYANA MADHU NARAYANA NAGAVENI NARAYANA,95,162,ORG,0.7727941870689392
S T Nagaven Narayan,210,228,PER,0.5444419384002686
Vanasuma nilaya Tumkur Cross,227,254,LOC,0.9810646772384644
Madhu,249,253,PER,0.9910443425178528
Sspuram Tumkur,259,272,LOC,0.911104142665863
R English,327,335,MISC,0.759211540222168
