entity,start_index,end_index,label,score
Namashivayam P 182 Old 24th East Street Kamaraj Nagar Thiruvanmiyur Chennai,25,99,LOC,0.4189548194408417
Thenmal Xavier Kottaikadu,77,101,PER,0.9933163523674011
P,91,91,ORG,0.7776758074760437
Vadakadu,95,102,LOC,0.5344012379646301
Via,100,102,ORG,0.6218762993812561
Pudukkottai,103,113,PER,0.4164164662361145
D,109,109,ORG,0.49412256479263306
Old 24th East Street Kamaraj Nagar Thiruvanmiyur,185,232,LOC,0.5378574132919312
R,296,296,MISC,0.7184639573097229
