entity,start_index,end_index,label,score
Perjanjian Kontrak Penyewa,4,29,ORG,0.7845078706741333
D,25,25,MISC,0.9807815551757812
NE,36,37,ORG,0.7349322438240051
GUATWAZHA JALAN CH,38,55,LOC,0.4825984537601471
PERDANA,153,159,ORG,0.5895577669143677
TAMAN CH PERDANA MELAKA,161,183,LOC,0.7104056477546692
R,240,240,MISC,0.978072464466095
O,301,301,ORG,0.6124367713928223
