entity,start_index,end_index,label,score
Bangalore,19,27,LOC,0.9986652135848999
Parasu Ram Mishra,42,58,PER,0.9973754286766052
KAUSTHUBHA,57,66,LOC,0.7906181812286377
K PH B,65,70,ORG,0.8969101309776306
P . Gangadhar,121,133,PER,0.9981169104576111
M G H Corporation Gold Hill,129,155,ORG,0.9965723752975464
Hubli Road Bommanabandi MUM D KAUSTHUB,140,177,LOC,0.9948399066925049
K P H B,237,243,ORG,0.8679494261741638
R English,332,340,MISC,0.8891640901565552
