entity,start_index,end_index,label,score
SRI N VIJA KUMAR,29,44,ORG,0.899343729019165
Thavarekere Banaglore,63,83,LOC,0.9561558365821838
LESSO SHRI DURGA SHANKAR GUPTA TV,84,116,ORG,0.8822523355484009
HARITA HOSURidhichanda TAMIL NAD INDIA Auraiya,137,182,LOC,0.9704878330230713
uttar,173,177,ORG,0.3754552900791168
Pradesh,176,182,LOC,0.6611005067825317
Pi,177,178,ORG,0.3447951078414917
