entity,start_index,end_index,label,score
RC PAUL PAULINO,34,48,ORG,0.9611492156982422
VILA HONOLULU,75,87,LOC,0.8923829197883606
S,208,208,MISC,0.9795199036598206
ARSENLA PAULINO,281,295,ORG,0.9230509400367737
