entity,start_index,end_index,label,score
##ennai,23,29,LOC,0.6208117008209229
B Boobalan,35,44,PER,0.994159460067749
Nethaji Street Okkiyam Pettai PTC Quarters Chennai,52,101,LOC,0.9436421990394592
CHEBOLU,94,100,PER,0.9338638186454773
VSR DIKSHITULU,99,112,ORG,0.9577304124832153
Nethaji Street Okkiyam Pettai PTC Quarters Chennai,123,172,LOC,0.937965989112854
English,315,321,MISC,0.9985921382904053
