entity,start_index,end_index,label,score
John,16,19,PER,0.7226587533950806
Public,17,22,ORG,0.8176647424697876
Any Happytown Tennessee,21,43,LOC,0.47677579522132874
Lagoon Landings LLC,40,58,ORG,0.9982555508613586
Thomas Drive,68,79,LOC,0.9064972400665283
Unit,71,74,MISC,0.4449884593486786
Panama City Beach Florida,75,99,LOC,0.9977704882621765
Agreement,188,196,MISC,0.6218355298042297
