word,score,entity,index,start,end
Philippines,0.9992612600326538,B-LOC,230,1018,1029
US,0.8703163862228394,B-LOC,420,1949,1951
