entity,start_index,end_index,label,score
Bangalore,28,36,LOC,0.998381495475769
Balaji,53,58,PER,0.9983068108558655
SBM Colony,69,78,LOC,0.7704311609268188
Mathikere,72,80,LOC,0.9876549243927002
Kartheek,108,115,PER,0.9987863302230835
rgalore,132,138,LOC,0.7118668556213379
R,259,259,MISC,0.8821258544921875
R,336,336,MISC,0.8671300411224365
English Calendar,350,365,MISC,0.9985513687133789
