entity,start_index,end_index,label,score
RC,34,35,ORG,0.8516741991043091
PAUL PAULINO,36,47,LOC,0.5000365376472473
VILA ST HONOLULU,75,90,LOC,0.8788783550262451
H,85,85,LOC,0.9180487394332886
S,208,208,MISC,0.9885545372962952
ARSENLA,281,287,ORG,0.7472164034843445
PAULINO,285,291,LOC,0.6365042924880981
