entity,start_index,end_index,label,score
Perjanjian Kontrak Penyewa,4,29,ORG,0.715378999710083
D,25,25,MISC,0.6145378947257996
NE GUATWA,36,44,PER,0.7795813679695129
JALAN CHG PERDANA,147,163,LOC,0.8522534370422363
TAM CHG PERDANA,161,175,LOC,0.7743539810180664
MELAKAUARY,175,184,LOC,0.7299373149871826
RUARY,240,244,MISC,0.883552074432373
JUARY,347,351,MISC,0.6903084516525269
