entity,start_index,end_index,label,score
Ph,223,224,MISC,0.9872611165046692
Philippines P,230,242,MISC,0.7583459615707397
Ph,289,290,MISC,0.985156238079071
