entity,start_index,end_index,label,score
CHENNAI,32,38,LOC,0.9976650476455688
P C MATH,50,57,PER,0.9471818208694458
K JEPH CHKO,60,70,PER,0.8031207919120789
L GOPINATH,83,92,PER,0.9509274363517761
G LAKSHMI NARISIMHAN ARUMBAKKAM CHENNAI,92,130,LOC,0.5255663394927979
R,190,190,MISC,0.8948116898536682
R,270,270,MISC,0.9589877724647522
