entity,start_index,end_index,label,score
John Public,16,26,ORG,0.8504305481910706
Any street,21,30,LOC,0.9330472946166992
Happytown,24,32,LOC,0.9931471347808838
Tennessee,27,35,LOC,0.9996393918991089
Lagoon Landings LLC,40,58,ORG,0.9983890056610107
Thomas Drive,68,79,LOC,0.9275526404380798
Panama City Beach,75,91,LOC,0.9981318116188049
Florida,79,85,LOC,0.9996316432952881
