entity,start_index,end_index,label,score
LEE,17,19,ORG,0.7897716164588928
JIMMY SINAU,41,51,ORG,0.6537224054336548
Jalan pulai,101,111,LOC,0.9811612367630005
Taman pulai,107,117,LOC,0.9922565817832947
Skudai,118,123,LOC,0.9851976633071899
R,151,151,MISC,0.9873586893081665
R,189,189,MISC,0.9182921648025513
R,198,198,MISC,0.9307419061660767
