entity,start_index,end_index,label,score
BW,35,36,LOC,0.7671629786491394
Sri E Anwar,40,50,PER,0.49715951085090637
BTM,55,57,LOC,0.6935304999351501
E W S .,60,66,LOC,0.9142249226570129
Bangalore,66,74,LOC,0.9962059259414673
Mohammed Ishaq,88,101,PER,0.9978370666503906
Mohammed Moosa,96,109,PER,0.9969895482063293
M E S,112,116,LOC,0.7872527837753296
B T . MWS,119,127,LOC,0.8263985514640808
Bangalore,129,137,LOC,0.9976133704185486
R,346,346,MISC,0.9245168566703796
